weight_t,weight_value,airflow_t,airflow_value
0,301.2261353,0,159.8424225
0.020277778,303.7737122,0.03,384.4606018
0.1175,300.9555664,0.78,374.3634033
0.791111111,301.7996216,1.03,371.5142212
0.7925,302.4004211,1.279722222,374.5184021
1.231111111,302.9154053,1.529722222,371.9911194
1.4575,300.9984436,1.779722222,376.4972534
1.5825,302.1286011,2.279722222,374.7806396
1.583888889,301.5421143,2.529444444,375.32901
1.733888889,300.6122437,3.029444444,372.2295532
1.92,302.7437439,3.279444444,371.5142212
2.374166667,302.2287598,3.529444444,379.8232727
2.375555555,301.1987915,3.779444444,375.9131775
2.507222222,302.8295898,4.029444444,373.6481323
3.105833333,300.783905,4.279166667,372.0030212
3.162777778,301.499176,4.529166667,377.5701904
3.168333333,302.1286011,4.779166667,376.4972534
3.605833333,302.9154053,5.529166667,374.6853027
3.725277778,300.8554077,5.779166667,374.7210083
3.957222222,301.4705505,6.028888889,378.9411316
3.961388889,301.4419556,6.278888889,375.4243774
3.986388889,302.7866821,6.528888889,377.880127
4.586111111,300.6837463,7.028888889,374.303833
4.748611111,301.9855347,7.278888889,375.4959106
4.75,300.8554077,7.528611111,373.9104004
4.955555556,302.6150208,7.778611111,374.7568054
5.430555556,300.512085,8.028611111,375.0667725
5.533333333,301.5421143,8.278611111,373.230896
5.543055555,301.8282166,8.528611111,373.2904968
5.576388889,302.5148621,8.778611111,377.9159241
6.138611111,300.0686646,9.278333333,374.6853027
6.331666667,300.9269714,9.528333333,374.1965027
6.335833333,300.783905,9.778333333,371.1447144
6.915,302.0285034,10.02833333,377.2125549
7.092777778,300.0114441,10.27833333,375.8297119
7.123333333,300.8125305,10.52805556,373.1951294
7.124722222,301.7852783,10.77805556,373.5765991
7.338611111,301.8282166,11.02805556,373.3143616
7.677222222,299.7825623,11.27805556,375.4243774
7.914722222,300.5979004,11.52805556,373.2904968
7.916111111,301.5707397,11.77805556,375.5912781
7.973055555,301.6565552,12.02805556,374.744873
8.657777778,299.3819885,12.27777778,375.4363403
8.705,299.7253418,12.52777778,369.4638367
8.707777778,300.6408691,12.77777778,373.7196655
9.311666667,299.1531067,13.02777778,372.5871887
9.464444444,301.1844482,13.27777778,373.4931641
9.493611111,300.2259827,13.52777778,372.9924927
9.499166667,299.2961426,14.0275,376.4972534
9.703333333,300.8411255,14.2775,376.5687866
10.15888889,297.1932678,14.7775,373.8507996
10.28805556,298.394928,15.0275,376.8668518
10.30333333,298.2375793,15.2775,377.0814209
10.75722222,296.9357605,15.52722222,375.0667725
10.91138889,300.0114441,15.66611111,375.2932129
11.08083333,298.8383789,15.91611111,377.2483215
11.08361111,299.3676758,16.16611111,373.8865662
11.61972222,300.4548645,16.41611111,374.3157043
11.81416667,297.6796265,16.66611111,377.5820923
11.8725,299.3962708,16.91611111,375.4005432
11.87527778,298.5379639,17.16583333,375.4482422
12.09611111,299.8397827,17.41583333,376.1277466
12.51111111,297.7654724,17.91583333,376.3780518
12.66388889,298.309082,18.16583333,372.2295532
12.66944444,299.1531067,18.41583333,370.4413452
12.86805556,299.6681213,18.66555556,376.1515808
13.22777778,297.4221497,18.91555556,371.66922
13.45138889,298.8097839,19.16555556,374.709137
13.4625,298.1374207,19.41555556,373.7434998
14.00666667,299.8254395,19.66555556,373.9580688
14.14972222,297.6510315,19.91555556,376.1157837
14.24416667,299.3819885,20.16527778,374.6971741
14.24972222,298.5379639,20.41527778,376.4853821
14.48444444,300.0114441,20.66527778,375.0667725
15.01638889,297.6510315,20.91527778,371.8122864
15.03444444,299.3676758,21.16527778,375.0667725
15.04277778,299.2246094,21.41527778,375.0667725
15.17472222,300.0256958,21.66527778,371.5023499
15.39833333,297.7225952,21.91527778,373.2189941
15.83,298.6810303,22.165,377.427124
15.83138889,298.5522766,22.915,369.6664734
16.37027778,295.6340027,23.165,363.2767944
16.53,301.7852783,23.66472222,357.7691956
16.6175,300.1831055,23.91472222,351.5106201
16.62166667,299.2675476,24.41472222,345.4070435
16.63138889,298.7668457,24.66472222,340.09021
17.09527778,301.4705505,24.91472222,336.1920166
17.41166667,300.5693054,25.16444444,336.871521
17.41722222,299.8826599,25.41444444,330.7321777
17.59916667,301.0842896,25.91444444,321.1952515
17.91166667,298.6810303,26.16444444,316.5340881
18.20333333,299.8254395,26.66416667,308.0462646
18.20472222,299.1101685,26.91416667,305.3878479
18.4075,301.3275146,27.66416667,296.2443848
18.84333333,298.1517334,27.91416667,291.1302185
18.99333333,299.6967163,28.41388889,282.6900635
18.99611111,299.4964294,28.66388889,279.6382751
19.26833333,299.8826599,29.16388889,270.8643494
19.66694444,296.9071655,29.41388889,265.8455505
19.78638889,298.3377075,29.91388889,259.0743408
19.78916667,297.9085083,30.16361111,253.7217712
19.96694444,299.052948,30.66361111,245.8776855
20.51388889,296.5924377,30.91361111,246.7955933
20.575,298.0801697,31.41361111,234.8029785
20.58333333,297.0931702,31.66333333,232.7763672
20.61111111,298.8097839,32.41333333,217.3266296
21.20972222,296.1489868,32.66333333,217.8034668
21.36805556,296.7212219,33.16305556,210.4958191
21.37638889,297.6939697,33.41305556,207.753952
22.05944444,298.1660461,33.91305556,195.8567047
22.09833333,295.920105,34.16305556,193.5082397
22.15666667,297.4937134,34.66277778,186.2840576
22.16638889,297.3649292,34.91277778,191.9584961
22.53305556,295.4909668,35.16277778,187.3569489
22.80805556,298.4664612,35.41277778,188.0245209
22.9525,298.2947998,35.66277778,188.7397919
22.96361111,298.0945129,35.91277778,187.2019806
23.00666667,296.7640991,36.1625,187.3092651
23.09555556,298.7811584,36.4125,186.963562
23.7425,297.3363037,36.9125,186.2602081
23.74944444,297.9657288,37.1625,189.776947
23.98138889,296.8070679,37.4125,185.7476044
24.12861111,298.4092407,37.6625,189.0974121
24.52444444,297.6081543,37.9125,187.0827637
24.55361111,297.5223083,38.16222222,185.5806885
25.17833333,298.394928,38.66222222,187.4165497
25.32277778,296.7498474,38.91222222,188.3702393
25.32416667,297.708252,39.16222222,189.4550781
25.35055556,297.9371338,39.41222222,189.0258942
25.82,298.5809021,39.66194444,188.4298401
25.87277778,296.7640991,39.91194444,189.0974121
26.11027778,297.5223083,40.16194444,187.094696
26.12555556,297.322052,40.41194444,188.3940887
26.25888889,298.4950562,40.66194444,186.6059113
26.70444444,296.2777405,40.91194444,188.751709
26.90166667,297.2790833,41.16166667,186.9993286
26.92666667,297.1074219,41.91166667,190.0749664
27.09472222,296.7498474,42.16166667,187.3330994
27.2725,297.8656311,42.41166667,185.1753693
27.69194444,297.6367493,42.66138889,190.5637207
27.70444444,297.5651855,42.91138889,187.8576355
27.84611111,296.964386,43.16138889,188.5371399
28.05027778,298.2518616,43.41138889,188.3225555
28.42638889,297.7940674,43.66138889,188.7636261
28.51527778,297.622406,43.91138889,190.1464844
28.56527778,297.2790833,44.16111111,189.0258942
29.24166667,298.2089539,44.41111111,189.4193115
29.275,298.0515747,44.66111111,189.8126984
29.28611111,297.980072,44.91111111,187.1900635
29.33194444,298.2804871,45.16111111,189.0974121
29.42638889,297.5079651,45.41111111,188.9305267
30.05388889,297.8512878,45.66111111,191.2551575
30.15527778,298.0801697,45.91111111,186.248291
30.35527778,297.980072,46.41083333,189.4789124
30.45666667,298.2804871,46.66083333,186.8204956
30.77888889,298.4092407,46.91083333,188.3583221
30.93444444,298.695343,47.16083333,189.4073944
30.93583333,298.0801697,47.41083333,188.4060059
31.16361111,298.9099121,47.66055556,185.9502716
31.59944444,298.7382507,47.91055556,185.5330048
31.67722222,298.6381226,48.16055556,186.5939941
32.12861111,299.2246094,48.41055556,189.1093445
32.51194444,299.5822449,48.66055556,190.5875702
32.78277778,299.4821167,48.91055556,187.8695526
33.13805556,299.9542236,49.16027778,187.6669006
33.39083333,299.8826599,49.41027778,188.0245209
33.97555556,300.3404236,49.66027778,187.8576355
34.02138889,299.9684753,49.91027778,189.3000793
34.04916667,300.3117981,50.16027778,188.6921082
34.51833333,301.0270691,50.41027778,189.0974121
34.61972222,300.1401367,50.66,186.6297607
34.81833333,300.397644,50.91,190.5279541
34.92388889,300.2832031,51.41,187.5715332
35.09888889,300.9841919,51.66,186.6059113
35.14888889,297.708252,51.91,184.817749
35.61555556,298.6381226,52.15972222,189.3477631
35.63638889,298.4807434,52.40972222,186.8681793
36.04611111,299.4105835,52.65972222,188.0006714
36.30416667,297.1360474,52.90972222,187.3092651
36.40555556,298.0229492,53.15972222,189.0258942
36.44444444,298.0945129,53.65972222,188.0126038
37.16944444,296.3349609,53.90972222,192.0896301
37.19305556,296.606781,54.40944444,188.0126038
37.20833333,296.3206482,54.65944444,188.7278748
37.90666667,297.5795288,55.15944444,186.5939941
37.97333333,297.3363037,55.40944444,185.485321
38.02055556,297.0073242,55.65916667,189.0974121
38.22055556,296.6496582,56.15916667,190.4802704
38.415,298.2089539,56.40916667,191.2193909
38.75527778,297.708252,56.90916667,188.0126038
38.79,297.5365906,57.15888889,186.6178436
39.17194444,297.1074219,57.65888889,189.085495
39.48722222,298.309082,57.90888889,187.8099365
39.51611111,298.1374207,58.15888889,187.3211823
39.57583333,298.3233948,58.40888889,190.1584167
39.655,297.9943542,58.65861111,186.9516296
39.87166667,298.6667175,58.90861111,189.4193115
40.32166667,298.4378357,59.15861111,188.0245209
40.36888889,298.5951843,59.40861111,187.6549683
40.58138889,298.2947998,59.65861111,188.0245209
40.80222222,299.0958862,59.90861111,187.8099365
41.12277778,298.9814453,60.15833333,187.7503357
41.16027778,299.1673889,60.65833333,189.0020447
41.72833333,298.6381226,60.90833333,186.653595
41.80611111,300.3690186,61.15833333,188.036438
41.91444444,299.2818298,61.65833333,188.751709
41.97555556,299.4248962,61.90833333,188.036438
42.48361111,299.5679321,62.15722222,185.1753693
42.55305556,298.9099121,62.40722222,188.4060059
42.66277778,299.1531067,62.65722222,187.1185303
42.74472222,299.353363,63.15722222,189.1212616
42.86138889,299.3247681,63.40722222,184.8296661
43.47388889,299.8970032,63.65694444,190.1345673
43.52666667,298.9671326,63.90694444,189.8246307
43.56833333,299.2675476,64.15694444,190.5994873
43.65583333,299.5107117,64.65694444,187.6669006
44.22361111,299.5250244,64.90694444,187.6907349
44.25555556,298.8526917,65.15666667,183.0415039
44.34166667,299.1244812,65.65666667,187.6549683
44.77777778,299.4964294,65.90583333,186.7966461
44.8,296.4494019,66.15583333,190.897522
45.10416667,298.0801697,66.40583333,188.4060059
45.15,298.065918,66.65555556,188.0602875
45.36666667,297.3649292,66.90555556,186.0098724
45.50416667,298.723938,67.15555556,187.6907349
45.90388889,298.4950562,67.40555556,186.9993286
45.91083333,297.8226929,67.65555556,188.0483704
46.58722222,298.7668457,67.90555556,188.0483704
46.69555556,298.3663025,68.15527778,189.1212616
46.72055556,298.309082,68.40527778,187.6907349
46.84138889,298.4664612,68.65527778,188.1914215
46.87055556,297.7511902,68.90527778,188.4060059
47.46222222,298.1517334,69.15527778,188.7159424
47.505,297.622406,69.40527778,187.3569489
47.91055556,297.5509338,69.65527778,187.3807983
48.00222222,298.309082,69.90527778,182.3262482
48.26194444,298.0229492,70.405,186.2721252
48.29666667,297.9085083,70.655,189.8365479
48.43416667,298.2518616,70.905,191.1359406
49.02166667,297.3363037,71.155,187.6907349
49.03138889,297.4650879,71.405,188.549057
49.1075,297.8799133,71.65472222,188.3821564
49.42,297.9514771,71.90472222,190.182251
49.595,297.322052,72.15472222,189.4669952
49.83666667,297.5795288,72.40472222,185.2349854
49.86722222,297.350647,72.65472222,191.2551575
49.87555556,297.8799133,72.90472222,187.4284668
50.04361111,297.2790833,73.40444444,189.3119965
50.65444444,297.2362061,73.65444444,184.4362793
50.71972222,297.4937134,73.81694444,187.5715332
50.78083333,297.6796265,74.31694444,185.6283722
50.88777778,297.0788269,74.56666667,186.2602081
51.40583333,297.322052,74.81666667,187.6669006
51.50027778,297.1217651,75.06666667,185.5926056
51.56694444,296.9357605,75.31666667,188.6444244
51.57111111,297.322052,75.56666667,188.7874756
52.2375,297.1932678,75.81666667,188.4060059
52.2875,297.0645447,76.06666667,188.0245209
52.81944444,297.3935242,76.56638889,189.1093445
52.86111111,296.9501038,76.81638889,188.1675873
52.97916667,297.350647,77.31638889,185.5330048
53.06666667,296.9501038,77.56638889,187.5715332
53.58055556,297.0073242,77.81638889,188.4060059
53.65972222,296.8070679,78.06611111,187.5476837
53.80833333,297.0216064,78.31611111,188.4060059
53.86944444,296.87854,78.56611111,187.2854309
54.50666667,297.2218628,78.81611111,188.036438
54.58861111,296.9501038,79.06611111,185.8906555
54.63861111,296.8356628,79.31611111,184.1143951
55.13722222,296.7784424,79.56583333,188.4060059
55.2525,297.2218628,79.81583333,185.7476044
55.365,296.7498474,80.06583333,189.7411804
55.4775,296.7498474,80.56583333,186.5463104
55.62444444,297.2362061,80.81583333,186.2602081
55.92166667,296.7212219,81.06583333,188.7636261
56.13972222,297.0502014,81.31555556,187.9410706
56.20361111,297.0073242,81.56555556,188.4060059
56.30083333,297.1789856,81.81555556,186.582077
56.41194444,296.8070679,82.31555556,189.288147
56.93138889,297.1503906,82.56527778,187.3330994
57.01333333,297.2934265,82.81527778,187.166214
57.1825,296.7784424,83.06527778,188.3940887
57.68388889,297.1074219,83.31527778,188.346405
57.88388889,297.2790833,83.81527778,190.3610687
57.97,297.322052,84.06527778,188.751709
58.38944444,296.6354065,84.565,187.3330994
58.51833333,296.964386,84.815,188.882843
58.585,296.9071655,85.065,188.1437378
58.87527778,297.1074219,85.315,189.8246307
58.95861111,296.8499451,85.565,185.9025879
59.16694444,297.0216064,86.06472222,189.1212616
59.41277778,297.4793701,86.31472222,189.4789124
59.50444444,297.622406,86.56472222,190.110733
59.79611111,295.505249,87.06472222,187.368866
60.0225,296.8356628,87.31472222,188.0483704
60.17777778,296.8213196,87.56444444,190.182251
60.45416667,297.1217651,87.81444444,187.702652
60.82083333,296.87854,88.06444444,187.0469971
60.98888889,297.0931702,88.56444444,189.4789124
61.15416667,297.0359497,88.81444444,188.7636261
61.24305556,297.6081543,89.06444444,186.6297607
61.70416667,297.7654724,89.31416667,188.7636261
61.75416667,297.7798157,89.56416667,189.9676819
61.79444444,297.350647,89.81416667,186.6774445
61.97055556,297.9514771,90.06416667,187.7384186
62.41833333,297.8799133,90.31416667,187.6907349
62.63222222,297.9228516,90.56388889,187.702652
62.71694444,297.7940674,90.81388889,185.4614716
62.92805556,298.4235229,91.06388889,186.2721252
63.2725,298.4235229,91.31388889,189.8365479
63.4225,298.4664612,91.81388889,186.6893616
63.92083333,298.9528198,92.06388889,187.3450317
63.98611111,298.7382507,92.31361111,188.0483704
64.13194444,299.1387939,92.56361111,188.0483704
64.34444444,298.9099121,92.81361111,188.417923
64.42638889,299.439209,93.06361111,193.7585754
64.85138889,299.2389221,93.31361111,188.5132904
64.9875,299.2389221,93.56361111,187.7265015
65.28722222,299.1673889,94.06333333,189.1212616
65.33722222,299.6251526,94.31333333,186.582077
65.6775,299.7253418,94.56333333,188.036438
65.84972222,299.8397827,94.81333333,187.3330994
65.96416667,300.0972595,95.06333333,186.6178436
66.47083333,299.9398804,95.31333333,187.6907349
66.57916667,300.0686646,95.56305556,186.6059113
66.70833333,300.3404236,95.81305556,186.9039612
66.76388889,300.0543213,96.06305556,191.2551575
67.04722222,299.9112549,96.31305556,187.9887543
67.28194444,300.0114441,96.56305556,185.8906555
67.59444444,299.6537781,96.81305556,188.036438
68.00416667,300.0972595,97.31277778,187.3807983
68.10972222,300.4405823,97.56277778,186.963562
68.17194444,299.9398804,97.81277778,188.036438
68.35388889,300.4692078,98.06277778,187.368866
68.85944444,300.4405823,98.31277778,188.036438
68.88027778,300.5406799,98.5625,186.963562
68.92055556,300.7695618,98.8125,188.5609741
69.05111111,300.3404236,99.0625,186.8920135
69.60527778,300.5693054,99.5625,186.9993286
69.72472222,300.7123413,99.8125,189.2762299
69.88583333,302.1715393,100.0625,187.9291534
70.32166667,299.0672607,100.3122222,190.8856049
70.41888889,300.6122437,100.5622222,189.4550781
70.45222222,300.6408691,100.8122222,187.6788177
70.57722222,300.9984436,101.0622222,191.1836243
70.93833333,299.9112549,101.3122222,188.7159424
71.11611111,300.7123413,101.8122222,189.8126984
71.305,301.0270691,102.0619444,186.5939941
71.57416667,302.6150208,102.3119444,189.4550781
71.5825,299.9828186,102.5619444,188.1556702
71.84083333,301.9855347,102.8119444,188.5967407
72.11444444,301.2702942,103.0619444,189.4669952
72.73805556,301.885437,103.3119444,186.5939941
72.81444444,301.5993347,103.5616667,187.3092651
73.0075,301.499176,103.8116667,186.6655273
73.38638889,301.8282166,104.0616667,187.03508
73.3975,301.3847351,104.3116667,185.7595367
73.56694444,302.0141602,104.5616667,188.0245209
73.65166667,301.4705505,104.8116667,187.1781311
73.76138889,301.9855347,105.0616667,187.3092651
74.36694444,302.0999756,105.3113889,188.3940887
74.47361111,302.0427551,105.5613889,188.7278748
74.79583333,302.0141602,105.8113889,186.4271088
74.86805556,302.1286011,106.0613889,187.5715332
75.12777778,302.0427551,106.3113889,185.1992188
75.3625,302.3002625,106.5611111,189.1093445
75.64861111,302.4290466,106.8111111,187.1423645
75.65972222,302.1286011,107.0611111,187.0589294
75.83611111,302.4004211,107.3111111,189.1093445
76.01666667,302.3146057,107.5611111,185.8549042
76.41361111,302.5720825,107.8111111,185.8787384
76.69138889,302.5291443,108.0611111,189.0974121
76.94694444,302.6722412,108.3108333,186.582077
77.39138889,302.6436157,108.5608333,187.9768372
77.60805556,302.6150208,108.8108333,187.9530029
78.08555556,303.0298462,109.0608333,189.085495
78.26611111,302.901123,109.3108333,187.4761658
78.43694444,302.8009644,109.5608333,189.8007813
78.82722222,303.0441589,109.8108333,186.9397125
79.00916667,303.1442871,110.0605556,188.7159424
79.18277778,303.2301331,110.3105556,187.297348
79.31472222,303.1156921,110.5605556,187.6669006
79.74222222,303.4161072,110.8105556,186.9397125
79.96444444,303.3731689,111.3105556,187.6669006
79.96583333,303.9167786,111.5602778,187.6549683
80.49361111,303.6306763,111.8102778,189.0974121
80.96027778,304.0741272,112.3102778,188.6325073
81.32944444,303.8452454,112.5602778,186.582077
81.5225,304.1313477,112.8102778,185.1634521
81.71416667,304.0312195,113.0602778,187.6549683
81.72666667,304.1456909,113.31,187.3092651
82.08638889,304.3316345,113.56,187.2854309
82.44444444,304.2887268,113.81,189.8126984
82.92777778,303.5448303,114.06,185.4972382
82.98055556,305.2042542,114.5597222,188.3821564
83.09722222,304.41745,114.8097222,187.3450317
83.12083333,304.6177368,115.0597222,185.5806885
83.41111111,305.4760437,115.3097222,187.2854309
83.68888889,301.8138733,115.5597222,185.9025879
83.88611111,303.8881531,116.0597222,190.1345673
83.97083333,303.7022095,116.3094444,188.7159424
84.33166667,304.3459473,116.5594444,188.3821564
84.36361111,303.3874817,116.8094444,189.4312286
84.68583333,304.1170654,117.0594444,187.702652
84.70944444,304.3316345,117.3094444,188.5013733
84.71361111,303.9310913,117.8094444,186.379425
85.44833333,305.6763611,118.0591667,190.1584167
85.4525,305.4474182,118.3091667,187.6549683
85.51361111,305.1327209,118.5591667,189.9080658
86.10361111,305.6477661,118.8091667,187.297348
86.16888889,305.5618591,119.0591667,190.516037
86.28416667,305.6763611,119.3091667,188.7874756
86.33555556,305.5189819,119.5588889,187.297348
86.98694444,306.3630066,120.0588889,185.8787384
86.98972222,305.9052429,120.3088889,188.7278748
87.07166667,305.7192383,120.8088889,189.8007813
87.4425,306.148407,121.0588889,188.3702393
87.72,306.3916321,121.3086111,188.7278748
88.08111111,306.4202271,121.8086111,186.5582275
88.195,306.4917297,122.0586111,188.4060059
88.48805556,306.2914429,122.3086111,185.556839
88.59916667,306.4345093,122.5583333,188.0126038
88.65194444,306.5203247,122.8083333,185.9502716
88.66444444,306.9208679,123.0583333,187.6788177
88.88111111,306.0339661,123.3083333,186.9397125
89.33638889,306.7206116,123.5583333,187.2734985
89.44888889,306.8636475,123.8083333,188.7278748
89.63083333,306.9638367,124.0583333,186.2244415
89.96138889,306.3344116,124.3080556,186.7728119
90.20583333,306.8922729,124.8080556,191.4816437
90.25722222,306.9352112,125.0580556,188.0483704
90.33361111,306.5489502,125.8080556,185.4972382
90.70972222,307.3357544,126.0577778,187.2854309
90.92361111,307.3214722,126.3077778,187.4642334
91.025,307.1784058,126.5577778,186.5939941
91.20138889,306.6347656,126.8077778,188.8709259
91.46388889,307.5360413,127.0577778,186.2244415
91.81111111,307.2356262,127.3077778,187.6907349
91.90416667,307.3214722,127.5575,187.7503357
92.14,306.2485657,127.8075,188.5728912
92.40666667,309.3956909,128.0575,186.9277954
92.56916667,307.907959,128.3075,186.6774445
92.71638889,307.8078003,128.5575,189.4073944
92.90944444,308.6804504,128.8075,188.0006714
93.26777778,308.265564,129.0575,186.2006073
93.42472222,308.2512817,129.3072222,189.1093445
93.95083333,307.9222412,129.5572222,189.085495
94.02583333,308.7090454,129.8072222,189.4193115
94.07444444,308.5516663,130.0572222,188.3583221
94.19527778,308.5802612,130.3072222,190.8498383
94.48277778,306.6919861,130.5569444,189.4908447
94.70638889,309.2383423,130.8069444,186.450943
94.93,307.8221436,131.0569444,188.549057
95.02305556,308.0652771,131.3069444,186.9158783
95.37861111,308.4372253,131.5569444,186.0575562
95.63944444,308.0223999,131.8069444,189.4193115
95.73388889,308.179718,132.0569444,187.2854309
95.78666667,308.1940613,132.3066667,190.313385
95.98111111,307.8221436,132.8066667,184.8654327
96.34083333,309.0809937,133.0566667,186.9277954
96.52694444,308.8807068,133.3066667,187.6549683
96.8075,308.5946045,133.5566667,186.6059113
96.80888889,309.1382141,133.8066667,188.0960388
96.88666667,308.6661072,134.3063889,186.9397125
97.37805556,308.7376709,134.5563889,186.9277954
97.90861111,308.894989,135.0563889,188.9782104
98.07388889,308.8521118,135.3063889,185.5449219
98.21,308.9951477,135.5561111,188.7278748
98.45138889,308.7805481,136.0561111,185.8668213
98.65138889,309.0094604,136.3061111,189.085495
98.92222222,308.9808655,136.8061111,186.2363739
99.08055556,309.1239014,137.0561111,187.96492
99.22777778,308.8807068,137.3058333,188.0722046
99.70138889,309.1954346,137.5558333,185.2349854
99.90138889,308.8663635,137.8058333,188.7278748
100.3316667,308.8234863,138.3058333,182.6361847
100.8622222,309.0237732,138.5555556,188.7159424
101.1552778,309.0094604,138.8055556,190.2418518
101.365,308.7662659,139.0555556,187.5
101.7858333,309.2097473,139.3055556,186.0813904
102.0077778,309.0237732,139.8055556,187.9530029
102.1605556,309.1668091,140.0555556,187.6669006
102.4244444,308.9951477,140.3052778,186.582077
102.7883333,309.3098755,140.8052778,190.1464844
102.9244444,309.0523682,141.0552778,189.085495
103.1091667,309.2955627,141.5552778,186.6059113
103.4855556,309.1668091,141.8052778,184.6031647
103.7061111,309.6245728,142.305,187.1304474
103.7144444,308.9951477,142.555,188.1675873
104.3741667,309.3670959,142.805,188.7278748
104.6922222,309.5530701,143.055,183.8640594
104.8991667,309.6531982,143.305,189.8007813
105.1047222,309.4243164,143.5547222,186.2244415
105.3475,309.4958496,143.8047222,188.1437378
105.4475,309.2669678,144.0547222,186.9397125
105.5808333,309.5673523,144.3047222,190.0272827
106.0308333,309.4672241,144.8047222,186.5939941
106.2169444,309.6531982,145.0547222,188.0126038
106.5444444,309.4958496,145.3044444,187.368866
106.9583333,310.0394287,145.5544444,188.0006714
107.3513889,307.2070313,145.8044444,182.6719513
107.6416667,308.8807068,146.3044444,189.085495
107.675,309.3956909,146.5541667,185.8549042
107.7388889,308.5946045,146.8041667,188.0006714
108.2691667,310.3112183,147.0541667,187.2496643
108.415,309.4243164,147.3041667,186.450943
108.4525,309.8820801,147.5541667,189.4312286
108.9733333,310.1538696,147.8041667,188.3583221
109.1497222,309.0523682,148.0541667,187.6430511
109.1691667,309.5673523,148.5538889,186.2125244
109.2983333,309.3956909,148.8038889,188.8709259
109.6719444,309.0953064,149.0538889,190.516037
109.6802778,310.1824951,149.5538889,185.151535
109.9011111,310.025116,149.8038889,189.7411804
110.2730556,309.8820801,150.3036111,187.4403992
110.6258333,310.1538696,150.5536111,188.6921082
110.78,310.0394287,151.0536111,187.7980194
110.8522222,310.0823364,151.3036111,187.1066132
110.9744444,310.0680542,151.5533333,186.2840576
111.5022222,310.325531,151.8033333,188.7159424
111.6394444,310.3684387,152.0533333,187.1185303
111.72,309.1239014,152.5533333,190.1703339
112.3394444,309.7676392,152.8033333,188.549057
112.4505556,309.8677673,153.0533333,188.3583221
113.1158333,310.7832947,153.3030556,189.0735779
113.3822222,310.9407043,153.5530556,189.4073944
113.8225,311.4985657,153.8030556,186.5701599
113.8919444,310.4829407,154.3030556,187.2019806
113.9308333,311.4842834,154.5527778,189.4193115
114.1669444,311.7417908,155.0527778,188.0006714
114.1933333,307.3643799,155.3027778,191.6246948
114.2238889,311.9563904,155.8027778,187.631134
114.6472222,311.6845703,156.0527778,188.6444244
114.8277778,311.9563904,156.3025,186.9277954
114.9347222,311.7417908,156.5525,187.8099365
115.4611111,311.6845703,156.8025,188.7159424
115.6652778,311.7990112,157.0525,186.582077
116.0375,311.5987244,157.3025,186.9277954
116.2802778,311.9849854,157.5525,186.582077
116.3580556,311.8848267,158.0522222,189.443161
116.7233333,312.056488,158.3022222,189.4550781
116.8344444,311.8276062,159.0522222,186.2959747
117.1705556,312.170929,159.3022222,186.9277954
117.2455556,312.8862,159.5519444,190.5518036
117.2497222,311.8848267,159.8019444,189.3119965
117.8483333,312.2281494,160.0519444,184.1382446
118.1258333,312.2138672,160.3019444,188.417923
118.4994444,312.7288513,160.5519444,185.914505
118.5397222,310.4256592,160.8019444,188.0722046
118.6952778,310.7976379,161.0519444,189.4908447
118.7425,310.683197,161.3016667,188.0960388
119.1175,312.3569336,161.5516667,187.368866
119.4536111,311.8562317,161.8016667,188.8113098
119.7602778,311.5987244,162.0516667,188.0602875
119.9672222,311.9420471,162.3016667,187.0231628
120.0297222,311.784668,162.5513889,185.9621887
120.3977778,311.784668,162.8013889,187.3569489
120.5727778,311.6559448,163.0513889,187.3569489
121.0630556,312.2997131,163.3013889,188.4298401
121.0936111,311.8991089,163.5513889,186.2959747
121.2058333,311.6702271,163.8013889,188.0722046
121.5794444,311.9563904,164.0513889,187.5596008
121.6822222,311.5271606,164.5511111,188.7755585
122.0475,311.6559448,164.8011111,190.2776184
122.475,311.7990112,165.0511111,187.7145691
122.6333333,311.7274475,165.3011111,189.1450958
122.7375,311.7274475,165.5511111,185.9383392
123.0875,311.8132629,166.0508333,188.7874756
123.2541667,311.7131653,166.3008333,188.4894562
123.5319444,311.6702271,166.5508333,187.7145691
123.8541667,303.5591431,166.8008333,188.215271
124.2455556,303.9453735,167.0508333,189.4908447
124.2719444,303.8738708,167.5505556,187.3450317
124.4205556,304.7464905,167.8005556,188.7397919
124.4802778,303.673584,168.3005556,187.702652
124.9219444,303.8023376,168.5505556,187.702652
125.2233333,303.6592712,168.8005556,185.2588196
125.3816667,305.3043823,169.3002778,188.4060059
125.7927778,303.8881531,169.5502778,188.4060059
126.0063889,303.8023376,169.8002778,189.4908447
126.0077778,304.4031677,170.0502778,186.9873962
126.0313889,303.7022095,170.3002778,188.0841217
126.5258333,303.8738708,170.55,189.6696472
126.6744444,303.8595581,170.8,188.4060059
126.6980556,304.2887268,171.05,187.3330994
127.4133333,304.1027527,171.55,188.2987213
127.4855556,304.1313477,171.8,188.7159424
127.5686111,303.7880249,172.05,189.4312286
127.6019444,304.388855,172.2997222,188.7397919
128.1963889,304.2744141,172.5497222,189.4669952
128.3644444,303.8309326,173.0497222,187.702652
128.5213889,304.5891113,173.2997222,188.4060059
128.7825,304.2744141,173.5497222,187.9410706
129.0352778,304.3316345,173.7997222,187.6907349
129.2405556,304.1313477,174.0494444,190.1941681
129.76,304.1599731,174.2994444,186.6178436
129.9197222,304.3173523,174.5494444,189.8365479
130.11,304.5891113,174.7994444,187.7861023
130.2252778,304.2171936,175.0494444,185.9025879
130.5583333,304.41745,175.2994444,188.4060059
130.6847222,304.5318909,175.5491667,186.9754791
131.1041667,302.0570984,175.7991667,188.7874756
131.3541667,302.7723694,176.0491667,187.6907349
131.4208333,302.6436157,176.2991667,189.3715973
131.5069444,302.3718262,176.5491667,186.9873962
131.6708333,303.6020508,176.7991667,186.6178436
132.1719444,303.2444458,177.0491667,187.6907349
132.2372222,303.0870667,177.2988889,189.1093445
132.3719444,303.6878967,177.5488889,185.7237701
132.515,303.015564,178.0488889,189.1331787
132.9233333,303.5591431,178.2988889,186.3436584
133.0011111,303.4733276,178.5486111,187.3450317
133.1247222,303.4161072,178.7986111,186.4032593
133.1983333,304.6320496,179.0486111,188.0602875
133.6997222,303.8452454,179.2986111,186.9993286
133.7872222,303.9024658,179.5486111,189.1689453
133.8205556,303.7737122,179.7986111,188.0722046
134.0758333,304.9753723,180.0486111,188.7755585
134.5063889,305.1899414,180.2983333,188.4298401
134.5938889,305.6334229,180.5483333,188.4298401
135.3341667,303.4161072,180.7983333,188.7993927
135.3466667,303.8738708,181.0483333,187.4523163
135.6269444,301.141571,181.2983333,188.5728912
136.0755556,302.3146057,181.5483333,187.0469971
136.2297222,303.7308044,181.7983333,189.1450958
136.4727778,303.1013794,182.0480556,188.4298401
136.4769444,303.7594299,182.2980556,187.3807983
136.8686111,303.973999,182.5480556,188.8113098
136.9519444,303.8595581,182.7980556,188.0722046
137.5627778,304.68927,183.0480556,189.1570282
137.6447222,304.5891113,183.2980556,188.0960388
137.7377778,304.4317932,183.5477778,188.8113098
138.0238889,304.2887268,183.7977778,188.0960388
138.4294444,304.8037109,184.0477778,188.1079712
138.5027778,305.2757568,184.2977778,187.7503357
138.5138889,304.8037109,184.5477778,188.1079712
138.6875,304.7607727,184.7977778,189.5385284
139.2402778,305.8050842,185.0477778,187.0112457
139.2458333,304.8895569,185.2975,187.3927155
139.3680556,305.1184387,185.5475,188.1198883
139.4,304.9324341,185.7975,187.0231628
140.0291667,305.6334229,186.0475,188.1198883
140.0763889,305.5904846,186.2975,186.6893616
140.1511111,305.8908997,186.5472222,187.2377319
140.2733333,305.5332642,186.7972222,189.5385284
140.6386111,306.1197815,187.0472222,188.1198883
140.8830556,306.3486633,187.5472222,187.7622681
140.8913889,306.9352112,187.7972222,188.8351593
141.1511111,306.9924316,188.0472222,187.4284668
141.1552778,305.8050842,188.2969444,188.1198883
141.5386111,306.148407,188.5469444,188.215271
141.6969444,306.148407,188.7969444,186.7370453
142.4647222,306.806427,189.0469444,188.1198883
142.4675,306.3200684,189.2969444,187.7384186
142.5258333,306.1197815,189.7969444,188.7397919
143.2536111,306.0483093,190.0466667,187.3807983
143.2577778,306.8207703,190.2966667,187.0231628
143.2647222,305.6334229,190.5466667,187.7384186
143.2827778,306.062561,190.7966667,187.7503357
143.505,304.2887268,191.0466667,188.4536896
144.0047222,305.2185364,191.2966667,187.7384186
144.0686111,305.3186951,191.5463889,188.4536896
144.3588889,304.6034546,192.2963889,186.3674927
144.6144444,306.5203247,192.5463889,186.319809
144.8227778,306.6633911,192.7963889,189.5265961
144.8477778,306.7492065,193.0463889,187.7145691
145.0783333,306.3916321,193.2961111,188.8351593
145.5877778,306.6633911,193.7961111,186.6774445
145.6711111,306.806427,194.0461111,188.0960388
146.1238889,306.6777344,194.2961111,188.4536896
146.2155556,307.1784058,194.5458333,188.4536896
146.3933333,306.7063293,194.7958333,188.1198883
146.4555556,307.0067139,195.0458333,187.7265015
146.7888889,307.0925293,195.2958333,189.1570282
146.9722222,306.7063293,195.5458333,186.1052399
147.1458333,306.9780884,196.0458333,188.7397919
147.3055556,306.9780884,196.2955556,187.7265015
147.4319444,306.8350525,196.7955556,188.4417725
147.6805556,307.0353088,197.0455556,188.0960388
147.9736111,306.8922729,197.2955556,188.7874756
148.0722222,307.164093,197.7955556,187.3927155
148.4677778,306.7063293,198.0452778,188.0960388
148.7566667,307.0353088,198.2952778,188.4417725
148.8080556,306.9066162,198.5452778,187.5119171
148.9830556,307.1927185,198.7952778,188.0960388
149.4483333,306.5632935,199.2952778,188.8232422
149.5108333,307.0639343,199.545,188.6921082
149.6261111,306.9208679,199.795,188.0960388
149.6636111,307.4072876,200.045,188.8232422
150.2786111,306.6061707,200.295,187.0231628
150.3688889,306.9066162,200.795,188.0960388
150.4452778,307.3500671,201.045,188.8113098
150.9105556,306.6633911,201.5447222,187.0231628
151.1091667,306.506073,201.7947222,188.4536896
151.2438889,306.7635498,202.0447222,188.4298401
151.4133333,306.3630066,202.2947222,187.3807983
151.895,307.3357544,202.5444444,188.1079712
151.9602778,307.2785339,202.7944444,187.0231628
151.9936111,306.8493958,203.0444444,186.7251282
152.6561111,307.9508362,203.2944444,187.7145691
152.6630556,307.4501953,203.5444444,187.7384186
152.7602778,307.4788208,204.0444444,188.5728912
152.9713889,308.0939026,204.2941667,187.3807983
153.4308333,308.0796204,204.5441667,187.0469971
153.6322222,308.1082458,204.7941667,188.4536896
153.6336111,308.6374817,205.0441667,188.4536896
153.8683333,307.4930725,205.2941667,189.1689453
154.2905556,307.6790771,205.5441667,187.4046326
154.4763889,307.6647339,205.7941667,187.4761658
154.8138889,308.2512817,206.0438889,187.7503357
155.0888889,307.7505798,206.5438889,189.1689453
155.1652778,307.7219543,206.7938889,186.6893616
155.2083333,307.8650208,207.0438889,188.4656067
155.3513889,305.5904846,207.2938889,187.2377319
155.9069444,306.6061707,207.5436111,187.3927155
156.0027778,307.8507385,207.7936111,188.1198883
156.0388889,308.179718,208.0436111,187.3927155
156.4386111,307.2785339,208.2936111,186.319809
156.6969444,307.7505798,208.7936111,188.1437378
156.7830556,307.7935181,209.0436111,188.8232422
156.8941667,308.0223999,209.2933333,187.4046326
157.3413889,307.4215393,209.5433333,194.5453949
157.3538889,307.8650208,209.7933333,187.4046326
157.5802778,307.7362976,210.0433333,187.0827637
157.7677778,309.1525269,210.2933333,187.3450317
158.2494444,309.3384705,210.5430556,187.7741852
158.455,309.7819519,211.0430556,188.2987213
158.4591667,309.3956909,211.2930556,187.0589294
159.0341667,310.4399719,211.5430556,189.5504456
159.0452778,310.0823364,212.0430556,188.1079712
159.1563889,310.4971924,212.2927778,187.0589294
159.1786111,310.2397156,212.7927778,188.4656067
159.7269444,311.7274475,213.0427778,188.8232422
159.8102778,311.6273499,213.5427778,187.368866
159.9005556,312.2997131,213.7927778,185.5806885
159.9352778,312.1852722,214.2925,188.7636261
160.6352778,315.0319824,214.5425,190.2180176
160.6477778,313.81604,214.7925,186.3317413
160.6755556,314.2452087,215.0425,189.1331787
160.6769444,313.6730042,215.2925,186.582077
161.3322222,323.057251,215.7922222,185.914505
161.4377778,322.8713379,216.0422222,188.0483704
161.4891667,323.3433533,216.2922222,187.6907349
161.5586111,323.2146606,216.5422222,187.702652
162.1086111,324.1731262,216.7922222,186.6178436
162.2211111,324.2017517,217.0422222,187.6788177
162.3127778,323.8440857,217.5419444,189.4193115
162.7138889,324.7453308,217.7919444,188.4060059
162.9986111,324.4592285,218.2919444,186.2602081
163.0722222,324.759613,218.5416667,185.7237701
163.3819444,325.145874,218.7916667,188.417923
163.3875,324.487854,219.0416667,188.0722046
163.8305556,324.9026489,219.2916667,186.2721252
163.8916667,324.7453308,219.5416667,188.7636261
164.4844444,323.3719788,219.7916667,188.036438
164.5927778,325.7610168,220.0416667,190.2061005
164.5941667,324.9169922,220.2913889,184.6508484
164.6691667,325.1172791,220.7913889,188.3106384
164.7233333,325.1887512,221.0413889,187.6907349
164.8886111,324.9456177,221.2913889,189.1212616
165.34,325.3175354,221.5413889,188.0602875
165.4247222,324.9742126,221.7913889,186.9754791
166.0772222,324.788208,222.2911111,190.5518036
166.1022222,325.7037964,222.5411111,189.4789124
166.1133333,325.0170898,223.0411111,185.1873016
166.2994444,325.2603149,223.2911111,189.4669952
166.555,325.7752991,223.7908333,185.9264221
166.9869444,322.7711487,224.0408333,188.0722046
166.9925,322.8427124,224.2908333,188.3940887
167.0383333,323.1002197,224.5408333,186.2602081
167.1355556,322.9285583,224.7908333,188.6444244
167.4411111,324.8454285,225.0408333,189.1331787
167.7672222,324.4020081,225.5405556,187.0469971
167.8311111,323.8154602,225.7905556,188.0483704
167.9894444,324.1015625,226.0405556,187.4284668
168.4436111,323.8297424,226.2905556,189.4789124
168.6713889,323.7153015,226.5402778,187.5953674
168.7158333,323.5293579,227.0402778,190.1941681
168.8852778,324.158783,227.2902778,189.4669952
169.3516667,323.8154602,227.5402778,190.9213715
169.4183333,323.9013062,227.7902778,186.2602081
169.6294444,323.686676,228.0402778,186.9754791
169.7697222,323.9155579,228.29,186.6297607
170.1655556,323.5150146,228.54,187.9768372
170.3086111,324.044342,228.79,187.3330994
170.4155556,323.5293579,229.29,186.6178436
170.9097222,323.8297424,229.54,187.6907349
171.0513889,323.5722351,229.79,188.036438
171.3236111,323.5579834,230.2897222,188.7755585
171.4833333,323.9727783,230.5397222,187.702652
171.7375,323.9727783,231.0397222,190.1703339
171.9347222,323.7438965,231.2897222,188.0722046
172.3316667,324.1159058,231.5394444,186.6297607
172.4288889,323.5579834,231.7894444,188.0483704
172.4788889,323.772522,232.0394444,187.702652
172.5802778,323.9727783,232.2894444,190.444519
172.7052778,324.2446289,232.5394444,187.3450317
172.7872222,323.6724243,232.7894444,189.848465
173.1816667,323.9727783,233.0394444,186.9873962
173.3913889,323.8440857,233.2891667,187.3450317
174.0383333,324.5450745,233.5391667,189.1331787
174.0966667,324.3590698,233.7880556,188.7636261
174.2161111,324.2303467,234.0380556,189.848465
174.2772222,324.788208,234.2880556,186.9993286
174.8522222,324.044342,234.5377778,186.9873962
174.9438889,324.4448853,234.7875,189.443161
175.1091667,324.4162903,235.0375,187.6669006
175.2841667,324.6595154,235.2875,188.3702393
175.6033333,324.9169922,235.5375,187.3450317
175.7977778,324.487854,235.7875,187.702652
176.3255556,325.1172791,236.0375,186.6297607
176.4158333,324.2589722,236.5372222,186.4151764
176.4213889,324.6022949,236.6586111,277.5067749
176.5575,324.9026489,,
176.6505556,324.4020081,,
176.8672222,325.1601563,,
177.2225,324.9169922,,
177.3919444,325.0743103,,
177.5975,324.874054,,
177.7683333,325.7037964,,
178.085,325.6894836,,
178.2016667,325.4462585,,
178.2961111,325.2745972,,
178.6875,326.2044678,,
178.7986111,325.8754578,,
178.8875,326.0900269,,
179.025,325.9183655,,
179.5986111,327.2344666,,
179.6402778,326.8338928,,
179.6861111,326.934021,,
179.9736111,328.2358093,,
180.05,325.5893555,,
180.4552778,326.7766724,,
180.4761111,326.5334778,,
180.4830556,326.3475037,,
180.765,328.4789734,,
181.2497222,328.5076599,,
181.2566667,327.9639893,,
181.2719444,327.649292,,
181.9994444,329.3373413,,
182.0202778,329.2944031,,
182.0480556,328.5505371,,
182.6980556,329.4660645,,
182.8188889,329.2944031,,
182.8563889,329.3945618,,
182.8730556,329.0655212,,
183.52,330.4102478,,
183.5963889,330.0382996,,
183.6741667,329.9095459,,
184.2061111,331.5690002,,
184.4102778,329.7807922,,
184.4213889,330.3816223,,
184.4255556,330.1384277,,
184.8811111,332.3986816,,
185.2058333,332.0410156,,
185.2280556,331.2685547,,
185.9391667,333.7433777,,
185.9975,332.5846252,,
186.0391667,333.314209,,
186.5402778,331.6548157,,
186.7791667,331.4544983,,
186.8027778,331.8836975,,
186.8583333,331.2399292,,
186.8972222,332.0982361,,
187.5236111,331.4544983,,
187.7375,331.468811,,
187.9013889,332.0696411,,
188.1316667,329.3802185,,
188.3358333,330.1527405,,
188.4219444,330.6105042,,
188.4816667,330.066925,,
188.8261111,331.9695435,,
189.1469444,331.468811,,
189.1733333,331.4831238,,
189.6663889,331.2256165,,
189.9177778,331.7692566,,
189.9191667,331.2256165,,
189.98,331.554657,,
190.0605556,331.4115906,,
190.5369444,332.1984253,,
190.7175,331.583252,,
190.7994444,331.8407593,,
190.8786111,331.2542419,,
191.4216667,333.6575317,,
191.5213889,333.6289368,,
191.6297222,333.4429932,,
191.6741667,333.1997681,,
192.2047222,334.1296387,,
192.2672222,333.7719727,,
192.3602778,333.7577209,,
192.5616667,333.4572754,,
192.745,334.3155823,,
193.1130556,333.8721619,,
193.1391667,333.4716187,,
193.3544444,334.4013977,,
193.5613889,333.3571777,,
193.885,333.6575317,,
193.935,333.7005005,,
194.0002778,334.2440796,,
194.5888889,333.3857727,,
194.7027778,334.02948,,
194.7208333,334.387146,,
194.9708333,333.5717163,,
195.0152778,334.5301819,,
195.4902778,334.0867004,,
195.5166667,334.1582642,,
195.9527778,334.6446228,,
196.1844444,333.7290955,,
196.2858333,334.5874023,,
196.315,334.2440796,,
196.6094444,333.9722595,,
197.04,335.1023865,,
197.0413889,334.1010437,,
197.0983333,334.3155823,,
197.1080556,334.2011414,,
197.6205556,334.8162842,,
197.8608333,334.4443665,,
197.955,334.7304688,,
198.0605556,335.1023865,,
198.3258333,334.3013,,
198.6188889,334.6875305,,
198.6716667,334.8735046,,
198.7536111,334.6160278,,
199.2508333,335.2597351,,
199.3619444,335.1023865,,
199.4702778,334.8878174,,
199.6755556,335.8891602,,
199.6783333,334.8591919,,
200.2380556,335.1596069,,
200.2533333,335.2740479,,
200.5227778,335.0308533,,
200.5241667,335.8462524,,
201.0269444,335.5458374,,
201.0686111,335.7174988,,
201.0755556,335.2454529,,
201.6127778,336.1752625,,
201.8127778,335.8176575,,
201.8877778,335.7318115,,
201.8891667,336.2754517,,
202.3808333,335.6889038,,
202.5763889,336.2324829,,
202.7083333,335.789032,,
203.0194444,337.4341125,,
203.3361111,335.6745911,,
203.4111111,336.089447,,
203.4597222,335.9034729,,
203.5777778,335.374176,,
204.1055556,335.9893188,,
204.1497222,335.9750061,,
204.2691667,335.7174988,,
204.5330556,336.8905334,,
204.7386111,332.8421021,,
204.9983333,334.6017151,,
205.0233333,334.7018433,,
205.0886111,331.3257751,,
205.6955556,333.4286499,,
205.7955556,334.4872437,,
206.2591667,333.8291931,,
206.3522222,334.6732483,,
206.5327778,334.3155823,,
206.6286111,334.2869568,,
206.8841667,333.9722595,,
207.0563889,334.8591919,,
207.3605556,334.716156,,
207.38,334.7590637,,
207.4522222,334.3728027,,
207.9852778,335.6602783,,
208.1477778,335.3598938,,
208.1852778,335.760437,,
208.2394444,335.3312683,,
208.2463889,335.8319397,,
208.9380556,335.9606934,,
208.9672222,335.6889038,,
209.385,334.744751,,
209.7280556,336.0179443,,
209.7405556,335.9750061,,
209.7891667,336.089447,,
209.8502778,335.9750061,,
210.4127778,338.3067627,,
210.4666667,337.9491272,,
210.5541667,338.1494141,,
211.0611111,339.279541,,
211.2986111,338.7788391,,
211.3611111,338.9075928,,
211.3930556,338.7216187,,
212.05,339.6085205,,
212.0986111,339.7229614,,
212.1733333,339.1507568,,
212.4219444,339.4654846,,
212.6580556,337.2624512,,
212.8247222,337.4198608,,
212.9177778,338.7502136,,
212.9552778,338.8217468,,
213.5080556,336.9477539,,
213.6038889,337.0193176,,
213.8497222,336.2324829,,
213.9038889,336.447113,,
214.3980556,335.016571,,
214.48,334.9307251,,
214.5411111,334.7018433,,
214.5980556,334.744751,,
214.9605556,334.0724182,,
215.2758333,333.5574341,,
215.2994444,333.7005005,,
215.305,334.0151978,,
215.9255556,332.9851685,,
216.0561111,333.1855164,,
216.1658333,333.1139526,,
216.3241667,333.4858704,,
216.5838889,332.8421021,,
216.8075,333.013855,,
216.9352778,333.1711731,,
217.0561111,332.8993225,,
217.1391667,333.3857727,,
217.5752778,333.1139526,,
217.7113889,333.285614,,
218.1086111,333.2427368,,
218.2877778,333.4143982,,
218.3405556,333.2999573,,
218.5194444,333.2569885,,
218.7916667,333.1568909,,
219.0069444,333.5144958,,
219.1625,333.1855164,,
219.2486111,333.4716187,,
219.4194444,333.2713318,,
219.7611111,333.7433777,,
219.9986111,333.5430908,,
220.1775,333.5860596,,
220.5011111,334.1296387,,
220.7108333,333.3571777,,
220.8233333,333.6861572,,
220.9205556,333.6146545,,
221.1136111,333.4858704,,
221.1788889,333.8149414,,
221.5594444,333.6861572,,
221.6913889,333.5288391,,
221.79,334.1582642,,
222.3980556,333.8578186,,
222.4633333,333.8435364,,
222.4938889,333.7147522,,
222.6355556,334.3013,,
223.0633333,334.2583618,,
223.2091667,334.0008545,,
223.5866667,333.9722595,,
223.7547222,334.5874023,,
223.9491667,334.0867004,,
224.0130556,334.3013,,
224.1936111,334.415741,,
224.4977778,334.2011414,,
224.6297222,334.4586182,,
224.8366667,334.3728027,,
225.1433333,334.1439209,,
225.3183333,334.5874023,,
225.4975,334.4013977,,
225.6113889,334.5730896,,
225.6127778,335.2025146,,
225.6433333,334.1152954,,
226.3336111,334.3013,,
226.4169444,334.2154846,,
226.4336111,335.1166992,,
226.4763889,332.0982361,,
227.1027778,333.4572754,,
227.2305556,333.5717163,,
227.9333333,334.9307251,,
227.9416667,332.3700867,,
227.9486111,334.1725159,,
227.9666667,334.1152954,,
228.0347222,334.6017151,,
228.6080556,332.0839844,,
228.7275,332.7420044,,
228.7705556,332.8993225,,
229.3775,332.2842407,,
229.4191667,335.1596069,,
229.5316667,334.9307251,,
229.5594444,335.1596069,,
229.5775,335.2740479,,
230.0619444,332.7562866,,
230.2730556,332.8135071,,
230.3411111,332.927948,,
231.0938889,334.4586182,,
231.0980556,334.1868591,,
231.1411111,333.8005981,,
231.1994444,334.415741,,
231.7172222,333.285614,,
231.9005556,333.5860596,,
231.9255556,333.5002136,,
231.995,332.8421021,,
232.4797222,335.460022,,
232.6852778,335.0737915,,
232.7158333,335.131012,,
232.7686111,335.8605652,,
232.77,334.9593506,,
233.4280556,335.4028015,,
233.5322222,335.6459961,,
233.7741667,335.3026733,,
234.2380556,335.2311401,,
234.2436111,336.2038879,,
234.3227778,336.3040466,,
234.7361111,335.2883606,,
234.9958333,335.2597351,,
235.0958333,335.1882324,,
235.1236111,335.9034729,,
235.5986111,333.4716187,,
235.8055556,334.4586182,,
235.8708333,334.4872437,,
236.1788889,336.8190308,,
236.54,333.2141113,,
236.6586111,334.5027771,,
